Question ID,Image Address
1BnMacuFQK4oK99NYo64,https://iili.io/2MQII4.md.jpg
1epcmooiI7PLBjFSWiVN,https://iili.io/2MQxpf.md.jpg
3crioRnnOULQlEDqhmGu,https://iili.io/2MQokG.md.jpg
3ldH556VKfXVeDdNRF6B,https://iili.io/2MQn7s.md.jpg
2OqIF31Bed70tjbAokAM,https://iili.io/2MQThl.md.jpg
4Ilcm3RdwhJp0Zd8PbBC,https://iili.io/2weGnt.jpg
4KM3zZsPpI20TXZLtuEF,https://iili.io/2we1tI.jpg
4s5CKtrKdd1ZCefUh8F7,https://iili.io/2wec9R.jpg
5hAfx6Xr4SO9HSDBoYI6,https://iili.io/2welup.jpg
6CT126MNm8T5AbAx8Rdc,https://iili.io/2wehcG.jpg
601SYKMA6AIfGhQnRFeu,https://iili.io/2weeN2.jpg
A8SdjByLD9EuSI8qBgyN,https://iili.io/2we8o7.md.jpg
A86Yc3mGQSMIxNhC7vwk,https://iili.io/2weSV9.jpg
A93OToZ0xdG9npKIjiMM,https://iili.io/2werKu.jpg
AAwl6f0pr52L7qDcvx1k,https://iili.io/2weUPe.jpg
Aw0ldmN9OlgRv9eIgK3h,https://iili.io/2we6Sj.jpg
B4gGmvEv28v0zz81XUie,https://iili.io/2weiHx.md.jpg
BUYJDgU6whQ8c97qjMUv,https://iili.io/2weLNV.md.jpg
Cf6AdeP2bg1HhqlXAWcj,https://iili.io/2weQDB.md.jpg
CH94Nh9KoKi8gvuDR17G,https://iili.io/2webiF.jpg
6cs8OcGwRoT31Epc2yfB,https://iili.io/2SfXkl.jpg
6TVs4teByIvK4MYxc2kP,https://iili.io/2SfwIS.jpg
7gfm7moR60C5LdOYHfaJ,https://iili.io/2Sfhp2.md.jpg
7VO1FkKDVpNDevGMeGQi,https://iili.io/2SfW74.jpg
7veeoNH0HX86IuvyCXHs,https://iili.io/2SfNh7.md.jpg
8POGK6AjLWRXv9cHmysr,https://iili.io/2SfOQ9.jpg
8rQZD772V7YoiOyFIqQO,https://iili.io/2SfkBe.jpg
8vMPvwz34Z8nCHsz3flS,https://iili.io/2SfvEu.md.jpg
9eAvVJf4gUTGUk49Wzyc,https://iili.io/2Sf8rb.md.jpg
9Wzx1NVAkwK4cbk3AvkT,https://iili.io/2SfU2j.md.jpg
90aaMi8ondil6CJbtqBi,https://iili.io/2SfgYx.md.jpg
94LaoemTPDrKZN4WbxHN,https://iili.io/2SfrkQ.md.jpg
CmEL12Sn38WfqRNGHXzm,https://iili.io/2Sf4pV.md.jpg
DRmnnkdq59plDZputk0M,https://iili.io/2SfPTB.md.jpg
DSQTTGqXLTO5QIIRI6b7,https://iili.io/2SfihP.md.jpg
E4gpdONNflYRUb8Ux3gQ,https://iili.io/2SfsQ1.jpg
E9ODYMDyWKx2pEO7l5W8,https://iili.io/2SfQCF.jpg
Fgz8WcSdbji7N6hRzYTM,https://iili.io/2SfZEg.md.jpg
Fo2FuWZEaPeClPd11Ay0,https://iili.io/2Sft4a.md.jpg
F2Akv6YMNWR2BQr7nrwv,https://iili.io/2Sfb3J.jpg