Question ID,Img Link
FsllysupfFAQau8T6gGZ,https://iili.io/2UzK0P.jpg
GagPDWkkmbWtDRpC6aeA,https://iili.io/2UzFqB.md.jpg
GF8ouRZ8OqUHPJVZOygA,https://iili.io/2Uz2sV.md.jpg
GrGPPovtn596EoBtpeEi,https://iili.io/2UzdWQ.jpg
H3rqRxuBxDNO6PEHeqCR,https://iili.io/2Uzfg1.md.jpg
H4e5ll8vxLHFEPQZ6lj6,https://iili.io/2UzBdF.md.jpg
H72OZ3AMN7wbEbdtyqlL,https://iili.io/2Uznea.jpg
IMK2S5hLRX2oRhIep4Fv,https://iili.io/2UzC5g.jpg
Ir1jYbEAQc5t09vgHzj8,https://iili.io/2UzomJ.jpg
JhQJad8i9hEpsGL7RRAg,https://iili.io/2Uzzzv.md.jpg
K3Q5dmq7Vadm1CdtgoyX,https://iili.io/2UzIXR.md.jpg
KuDxDjhKmkrniBLeUtGS,https://iili.io/2UzTsp.md.jpg
L7NXVTGtReHQ6Jl7kcWm,https://iili.io/2UzAqN.md.jpg
Lo5JRcyfFID9dYAtJqhx,https://iili.io/2UzR1I.md.jpg
MEtRoQtm0FhApapbUcyh,https://iili.io/2Uz5gt.md.jpg